{"cameraMode":{"drawMode":0,"name":"Shaded","section":"Shading Mode"},"sceneLighting":false,"audioPlay":false,"sceneViewState":{"showFog":true,"showMaterialUpdate":true,"showSkybox":true,"showFlares":true,"showImageEffects":true,"showParticleSystems":true},"in2DMode":false,"pivot":{"x":0.30084228515625,"y":108.682861328125,"z":-21.0078125},"rotation":{"x":0.019497696310281755,"y":-0.008998162113130093,"z":0.00017554929945617914,"w":0.9997711181640625},"size":23.114866256713868,"orthographic":true}